{
	"format_version": "1.8.0",
	"animations": {
		"animation.slender.idle": {
			"loop": true,
			"animation_length": 0.9167,
			"bones": {
				"body": {
					"rotation": {
						"0.0": [0, 0, 0],
						"0.25": [0, 17.5, 0],
						"0.5": [0, -15, 0],
						"0.75": [0, 15, 0],
						"0.9167": [0, 0, 0]
					}
				},
				"head": {
					"rotation": {
						"0.0": [0, 0, 0],
						"0.25": [-18.54835, -19.03771, 6.24605],
						"0.5833": [-7.99807, 30.82594, -10.8448],
						"0.7917": [-14.43907, 8.51109, -7.75854]
					},
					"position": [0, 0, 0],
					"scale": 1
				},
				"hat": {
					"position": {
						"0.0": [0, 0, 0],
						"0.5417": [0, -3, 0],
						"0.8333": [0, 0, 0]
					}
				},
				"rightArm": {
					"rotation": {
						"0.0": [0, 0, 0],
						"0.25": [0, 0, 30],
						"0.5": [0, 0, -30],
						"0.75": [0, 0, 30],
						"0.9167": [0, 0, 0]
					},
					"position": {
						"0.0": [0, 0, 0],
						"0.25": [0, 0, -2],
						"0.75": [0, 0, -2]
					},
					"scale": 1
				},
				"leftArm": {
					"rotation": {
						"0.0": [0, 0, 0],
						"0.25": [-10.86815, 6.21271, 29.40842],
						"0.5": [-12.45392, 1.08089, -29.40842],
						"0.75": [-10.86815, 6.21271, 29.40842],
						"0.9167": [0, 0, 0]
					},
					"position": {
						"0.25": [0, 0, -2],
						"0.75": [0, 0, -2]
					},
					"scale": 1
				},
				"rightLeg": {
					"rotation": {
						"0.0": [0, 0, 0],
						"0.25": [0, 0, 0],
						"0.4583": [0, 0, 0],
						"0.5417": [0, 5, 20]
					},
					"position": [0, 0, 0],
					"scale": 1
				},
				"leftLeg": {
					"rotation": {
						"0.0": [0, 0, 0],
						"0.25": [0, 20, -12.5],
						"0.5": [0, 0, 0]
					},
					"position": [0, 0, 0],
					"scale": 1
				}
			}
		},
		"animation.slender.move": {
			"loop": true,
			"animation_length": 0.75,
			"bones": {
				"body": {
					"rotation": {
						"0.0": [0, -7.5, 0],
						"0.25": [0, 2.5, 0],
						"0.5": [0, -10, 0],
						"0.75": [0, 0, 0]
					},
					"position": {
						"0.0": [0, 0, 0],
						"0.2083": [0, -1, 0],
						"0.2917": [0, 0, 0],
						"0.4583": [0, -1, 0],
						"0.5417": [0, 0, 0]
					},
					"scale": {
						"0.0": [1, 1, 1],
						"0.2083": [1, 0.98, 1],
						"0.2917": [1, 1, 1],
						"0.4583": [1, 0.98, 1],
						"0.5417": [1, 1, 1]
					}
				},
				"head": {
					"rotation": {
						"0.0": [0, 0, 0],
						"0.25": [-12.5, 0, -24.64],
						"0.5833": [0, 0, 12.5],
						"0.75": [0, 0, 0]
					}
				},
				"hat": {
					"position": {
						"0.0": [0, 0, 0],
						"0.375": [0, -3, 0],
						"0.7083": [0, 0, 0]
					}
				},
				"rightArm": {
					"rotation": {
						"0.0": [0, 0, 0],
						"0.25": [25, 0, 0],
						"0.5": [-32.5, 0, 0],
						"0.75": [0, 0, 0]
					}
				},
				"leftArm": {
					"rotation": {
						"0.0": [0, 0, 0],
						"0.25": [-30, 0, 0],
						"0.5": [17.5, 0, 0],
						"0.75": [0, 0, 0]
					}
				},
				"rightLeg": {
					"rotation": {
						"0.0": [0, 0, 0],
						"0.25": [-15, 0, 0],
						"0.4583": [0, 0, 0]
					}
				},
				"leftLeg": {
					"rotation": {
						"0.0": [0, 0, 0],
						"0.375": [0, 0, 0],
						"0.5417": [-15, 0, 0],
						"0.75": [0, 0, 0]
					},
					"position": [0, 0, 0]
				}
			}
		},
		"animation.slender.swim": {
			"loop": true,
			"animation_length": 0.5,
			"bones": {
				"body": {
					"rotation": {
						"0.0": [0, 0, 0],
						"0.125": [0, 40, 0],
						"0.4167": [0, -40, 0],
						"0.5": [0, 0, 0]
					},
					"position": {
						"0.0": [0, 0, 0],
						"0.125": [0, -10, 0],
						"0.5": [0, 0, 0]
					}
				},
				"head": {
					"rotation": {
						"0.0": [0, 0, 0],
						"0.125": [-49.10661, -20.70481, 22.20765],
						"0.375": [-58.59949, 28.53623, -32.94098],
						"0.5": [0, 0, 0]
					},
					"position": {
						"0.0": [0, 0, 0],
						"0.125": [0, 1, -2],
						"0.375": [-1, 2, -2],
						"0.5": [0, 0, 0]
					}
				},
				"hat": {
					"position": {
						"0.0": [0, 0, 0],
						"0.125": [0, -3, 0],
						"0.25": [0, -2, 0],
						"0.375": [0, -5, 0],
						"0.4583": [0, -3, 0],
						"0.5": [0, 0, 0]
					}
				},
				"rightArm": {
					"rotation": {
						"0.0": [0, 0, 0],
						"0.125": [-166.64439, 69.15681, -38.05666],
						"0.2917": [-85.45527, -23.25988, -31.00038],
						"0.4167": [-154.8166, -46.92865, -59.2435],
						"0.5": [0, 0, 0]
					},
					"position": {
						"0.0": [0, 0, 0],
						"0.125": [0, 0, -2],
						"0.5": [0, 0, 0]
					}
				},
				"leftArm": {
					"rotation": {
						"0.0": [0, 0, 0],
						"0.125": [-149.03588, -34.84843, 3.06678],
						"0.25": [-130.41446, 23.66657, 0.19872],
						"0.4167": [-151.09947, -40.12613, -4.38012],
						"0.5": [0, 0, 0]
					},
					"position": {
						"0.0": [0, 0, 0],
						"0.25": [0, 0, -2],
						"0.5": [0, 0, 0]
					}
				},
				"rightLeg": {
					"rotation": {
						"0.0": [0, 0, 0],
						"0.125": [-68.01066, 35.88215, -22.69882],
						"0.25": [-112.81273, 83.55114, -85.38823],
						"0.375": [-162.50284, 56.01608, -130.3551],
						"0.5": [0, 0, 0]
					}
				},
				"leftLeg": {
					"rotation": {
						"0.0": [0, 0, 0],
						"0.125": [53.8462, 30.4085, 20.71048],
						"0.25": [1.52429, 40.47514, 4.54715],
						"0.375": [-70.40257, 49.14207, -54.68638],
						"0.4583": [60.40359, 63.62328, 83.27261],
						"0.5": [0, 0, 0]
					}
				}
			}
		}
	}
}